company_id,year,cfo_sign,cfi_sign,cff_sign,pattern_label
ABB,2012-12,1,-1,-1,Reinvestor
ABB,2014-03,1,1,1,Cash Accumulator
ABB,2015-03,-1,-1,1,Growth Funded by Debt
ABB,2016-03,1,-1,-1,Shareholder Returns
ABB,2017-03,1,-1,-1,Shareholder Returns
ABB,2018-03,1,-1,1,Mixed
ABB,2019-03,1,-1,1,Mixed
ABB,2020-03,1,-1,1,Mixed
ABB,2021-03,1,-1,-1,Shareholder Returns
ABB,2022-03,1,-1,-1,Shareholder Returns
ABB,2023-03,1,-1,1,Mixed
ABB,2024-03,1,-1,-1,Shareholder Returns
ABB,2024-09,,,,
ADANIENSOL,2014-03,1,1,1,Cash Accumulator
ADANIENSOL,2015-03,-1,-1,1,Growth Funded by Debt
ADANIENSOL,2016-03,1,-1,-1,Shareholder Returns
ADANIENSOL,2017-03,1,-1,-1,Shareholder Returns
ADANIENSOL,2018-03,1,-1,1,Mixed
ADANIENSOL,2019-03,1,-1,1,Mixed
ADANIENSOL,2020-03,1,-1,1,Mixed
ADANIENSOL,2021-03,1,-1,-1,Shareholder Returns
ADANIENSOL,2022-03,1,-1,-1,Shareholder Returns
ADANIENSOL,2023-03,1,-1,1,Mixed
ADANIENSOL,2024-03,1,-1,-1,Shareholder Returns
ADANIENSOL,2024-09,,,,
ADANIENT,2013-03,1,-1,1,Mixed
ADANIENT,2014-03,1,-1,-1,Shareholder Returns
ADANIENT,2015-03,1,-1,1,Mixed
ADANIENT,2016-03,1,-1,-1,Shareholder Returns
ADANIENT,2017-03,1,-1,1,Mixed
ADANIENT,2018-03,1,-1,1,Mixed
ADANIENT,2019-03,1,1,-1,Liquidating Assets
ADANIENT,2020-03,1,-1,-1,Shareholder Returns
ADANIENT,2021-03,1,-1,1,Mixed
ADANIENT,2022-03,1,-1,1,Mixed
ADANIENT,2023-03,1,-1,-1,Shareholder Returns
ADANIENT,2024-03,1,-1,1,Mixed
ADANIENT,2024-09,,,,
ADANIGREEN,2017-03,1,-1,1,Mixed
ADANIGREEN,2018-03,1,-1,1,Mixed
ADANIGREEN,2019-03,1,-1,1,Mixed
ADANIGREEN,2020-03,1,-1,1,Mixed
ADANIGREEN,2021-03,1,-1,1,Mixed
ADANIGREEN,2022-03,1,-1,1,Mixed
ADANIGREEN,2023-03,1,-1,-1,Shareholder Returns
ADANIGREEN,2024-03,1,-1,1,Mixed
ADANIGREEN,2024-09,,,,
ADANIPORTS,2013-03,1,-1,1,Mixed
ADANIPORTS,2014-03,1,-1,1,Mixed
ADANIPORTS,2015-03,1,-1,-1,Reinvestor
ADANIPORTS,2016-03,1,-1,1,Mixed
ADANIPORTS,2017-03,1,-1,-1,Reinvestor
ADANIPORTS,2018-03,1,-1,-1,Shareholder Returns
ADANIPORTS,2019-03,1,-1,1,Mixed
ADANIPORTS,2020-03,1,-1,-1,Shareholder Returns
ADANIPORTS,2021-03,1,-1,1,Mixed
ADANIPORTS,2022-03,1,-1,-1,Shareholder Returns
ADANIPORTS,2023-03,1,-1,-1,Shareholder Returns
ADANIPORTS,2024-03,1,-1,-1,Shareholder Returns
ADANIPORTS,2024-09,,,,
ADANIPOWER,2013-03,1,-1,1,Mixed
ADANIPOWER,2014-03,1,-1,1,Mixed
ADANIPOWER,2015-03,1,-1,-1,Reinvestor
ADANIPOWER,2016-03,1,-1,-1,Shareholder Returns
ADANIPOWER,2017-03,1,-1,-1,Reinvestor
ADANIPOWER,2018-03,1,-1,-1,Reinvestor
ADANIPOWER,2019-03,1,-1,-1,Reinvestor
ADANIPOWER,2020-03,1,-1,-1,Reinvestor
ADANIPOWER,2021-03,1,-1,-1,Shareholder Returns
ADANIPOWER,2022-03,1,1,-1,Liquidating Assets
ADANIPOWER,2023-03,1,1,-1,Liquidating Assets
ADANIPOWER,2024-03,1,1,-1,Liquidating Assets
ADANIPOWER,2024-09,,,,
AMBUJACEM,2012-12,1,-1,-1,Reinvestor
AMBUJACEM,2013-12,1,-1,-1,Reinvestor
AMBUJACEM,2014-12,1,-1,-1,Reinvestor
AMBUJACEM,2015-12,1,-1,-1,Shareholder Returns
AMBUJACEM,2016-12,1,-1,-1,Shareholder Returns
AMBUJACEM,2017-12,1,-1,-1,Shareholder Returns
AMBUJACEM,2018-12,1,-1,-1,Reinvestor
AMBUJACEM,2019-12,1,-1,-1,Shareholder Returns
AMBUJACEM,2020-12,1,-1,-1,Shareholder Returns
AMBUJACEM,2021-12,1,-1,-1,Reinvestor
AMBUJACEM,2023-03,1,-1,1,Mixed
AMBUJACEM,2024-03,1,-1,1,Mixed
AMBUJACEM,2024-09,,,,
APOLLOHOSP,2013-03,1,-1,1,Mixed
APOLLOHOSP,2014-03,1,-1,-1,Reinvestor
APOLLOHOSP,2015-03,1,-1,1,Mixed
APOLLOHOSP,2016-03,1,-1,1,Mixed
APOLLOHOSP,2017-03,1,-1,1,Mixed
APOLLOHOSP,2018-03,1,-1,-1,Shareholder Returns
APOLLOHOSP,2019-03,1,-1,-1,Shareholder Returns
APOLLOHOSP,2020-03,1,-1,-1,Shareholder Returns
APOLLOHOSP,2021-03,1,-1,-1,Shareholder Returns
APOLLOHOSP,2022-03,1,-1,-1,Shareholder Returns
APOLLOHOSP,2023-03,1,-1,-1,Shareholder Returns
APOLLOHOSP,2024-03,1,-1,-1,Shareholder Returns
APOLLOHOSP,2024-09,,,,
ASIANPAINT,2013-03,1,-1,-1,Reinvestor
ASIANPAINT,2014-03,1,-1,-1,Reinvestor
ASIANPAINT,2015-03,1,-1,-1,Reinvestor
ASIANPAINT,2016-03,1,-1,-1,Reinvestor
ASIANPAINT,2017-03,1,-1,-1,Reinvestor
ASIANPAINT,2018-03,1,-1,-1,Reinvestor
ASIANPAINT,2019-03,1,-1,-1,Reinvestor
ASIANPAINT,2020-03,1,-1,-1,Reinvestor
ASIANPAINT,2021-03,1,-1,-1,Reinvestor
ASIANPAINT,2022-03,1,-1,-1,Reinvestor
ASIANPAINT,2023-03,1,-1,-1,Reinvestor
ASIANPAINT,2024-03,1,-1,-1,Reinvestor
ASIANPAINT,2024-09,,,,
ATGL,2018-03,1,-1,1,Mixed
ATGL,2019-03,1,1,-1,Liquidating Assets
ATGL,2020-03,1,-1,-1,Reinvestor
ATGL,2021-03,1,-1,1,Mixed
ATGL,2022-03,1,-1,1,Mixed
ATGL,2023-03,1,-1,1,Mixed
ATGL,2024-03,1,-1,-1,Reinvestor
ATGL,2024-09,,,,
BAJAJ-AUTO,2013-03,1,-1,-1,Reinvestor
BAJAJ-AUTO,2014-03,1,-1,-1,Reinvestor
BAJAJ-AUTO,2015-03,1,-1,-1,Reinvestor
BAJAJ-AUTO,2016-03,1,-1,-1,Reinvestor
BAJAJ-AUTO,2017-03,1,-1,-1,Reinvestor
BAJAJ-AUTO,2018-03,1,-1,-1,Reinvestor
BAJAJ-AUTO,2019-03,1,-1,-1,Reinvestor
BAJAJ-AUTO,2020-03,1,1,-1,Liquidating Assets
BAJAJ-AUTO,2021-03,1,-1,-1,Reinvestor
BAJAJ-AUTO,2022-03,1,1,-1,Liquidating Assets
BAJAJ-AUTO,2023-03,1,1,-1,Liquidating Assets
BAJAJ-AUTO,2024-03,1,-1,-1,Reinvestor
BAJAJ-AUTO,2024-09,,,,
AXISBANK,2013-03,1,-1,1,Mixed
AXISBANK,2014-03,1,-1,1,Mixed
AXISBANK,2015-03,-1,-1,1,Growth Funded by Debt
AXISBANK,2016-03,-1,1,1,Distress Signal
AXISBANK,2017-03,1,-1,-1,Shareholder Returns
AXISBANK,2018-03,-1,-1,1,Growth Funded by Debt
AXISBANK,2019-03,1,-1,1,Mixed
AXISBANK,2020-03,1,-1,1,Mixed
AXISBANK,2021-03,1,-1,1,Mixed
AXISBANK,2022-03,1,-1,1,Mixed
AXISBANK,2023-03,1,-1,1,Mixed
AXISBANK,2024-03,-1,-1,1,Growth Funded by Debt
BAJAJFINSV,2013-03,-1,1,1,Distress Signal
BAJAJFINSV,2014-03,-1,1,1,Distress Signal
BAJAJFINSV,2015-03,-1,1,1,Distress Signal
BAJAJFINSV,2016-03,-1,-1,1,Growth Funded by Debt
BAJAJFINSV,2017-03,-1,1,1,Distress Signal
BAJAJFINSV,2018-03,-1,-1,1,Growth Funded by Debt
BAJAJFINSV,2019-03,-1,-1,1,Growth Funded by Debt
BAJAJFINSV,2020-03,-1,-1,1,Growth Funded by Debt
BAJAJFINSV,2021-03,1,-1,1,Mixed
BAJAJFINSV,2022-03,-1,1,1,Distress Signal
BAJAJFINSV,2023-03,-1,-1,1,Growth Funded by Debt
BAJAJFINSV,2024-03,-1,-1,1,Growth Funded by Debt
BAJAJFINSV,2024-09,,,,
BAJAJHLDNG,2013-03,1,-1,-1,Reinvestor
BAJAJHLDNG,2014-03,1,-1,-1,Reinvestor
BAJAJHLDNG,2015-03,1,-1,-1,Reinvestor
BAJAJHLDNG,2016-03,1,1,-1,Liquidating Assets
BAJAJHLDNG,2017-03,-1,-1,-1,Pre-Revenue
BAJAJHLDNG,2018-03,1,-1,-1,Reinvestor
BAJAJHLDNG,2019-03,1,-1,-1,Reinvestor
BAJAJHLDNG,2020-03,1,-1,-1,Reinvestor
BAJAJHLDNG,2021-03,1,-1,-1,Reinvestor
BAJAJHLDNG,2022-03,1,-1,-1,Reinvestor
BAJAJHLDNG,2023-03,1,-1,-1,Reinvestor
BAJAJHLDNG,2024-03,1,-1,-1,Reinvestor
BAJAJHLDNG,2024-09,,,,
BAJFINANCE,2015-03,-1,-1,1,Growth Funded by Debt
BAJFINANCE,2016-03,-1,-1,1,Growth Funded by Debt
BAJFINANCE,2017-03,-1,-1,1,Growth Funded by Debt
BAJFINANCE,2018-03,-1,1,1,Distress Signal
BAJFINANCE,2019-03,-1,-1,1,Growth Funded by Debt
BAJFINANCE,2020-03,-1,-1,1,Growth Funded by Debt
BAJFINANCE,2021-03,-1,-1,1,Growth Funded by Debt
BAJFINANCE,2022-03,-1,1,1,Distress Signal
BAJFINANCE,2023-03,-1,-1,1,Growth Funded by Debt
BAJFINANCE,2024-03,-1,-1,1,Growth Funded by Debt
BAJFINANCE,2024-09,,,,
BANKBARODA,2013-03,1,-1,-1,Shareholder Returns
BANKBARODA,2014-03,1,-1,1,Mixed
BANKBARODA,2015-03,1,-1,-1,Shareholder Returns
BANKBARODA,2016-03,-1,-1,-1,Pre-Revenue
BANKBARODA,2017-03,1,-1,-1,Shareholder Returns
BANKBARODA,2018-03,-1,-1,1,Growth Funded by Debt
BANKBARODA,2019-03,-1,-1,1,Growth Funded by Debt
BANKBARODA,2020-03,1,-1,1,Mixed
BANKBARODA,2021-03,-1,-1,-1,Pre-Revenue
BANKBARODA,2022-03,1,-1,-1,Reinvestor
BANKBARODA,2023-03,-1,-1,-1,Pre-Revenue
BANKBARODA,2024-03,-1,-1,1,Growth Funded by Debt
BHARTIARTL,2013-03,1,-1,-1,Shareholder Returns
BHARTIARTL,2014-03,1,-1,1,Mixed
BHARTIARTL,2015-03,1,-1,-1,Shareholder Returns
BHARTIARTL,2016-03,1,-1,-1,Shareholder Returns
BHARTIARTL,2017-03,1,-1,-1,Shareholder Returns
BHARTIARTL,2018-03,1,-1,1,Mixed
BHARTIARTL,2019-03,1,-1,1,Mixed
BHARTIARTL,2020-03,1,-1,1,Mixed
BHARTIARTL,2021-03,1,-1,-1,Reinvestor
BHARTIARTL,2022-03,1,-1,-1,Shareholder Returns
BHARTIARTL,2023-03,1,-1,-1,Shareholder Returns
BHARTIARTL,2024-03,1,-1,-1,Shareholder Returns
BHARTIARTL,2024-09,,,,
BEL,2013-03,-1,1,-1,Asset Sale Funded Repayment
BEL,2014-03,-1,1,-1,Asset Sale Funded Repayment
BEL,2015-03,1,-1,-1,Reinvestor
BEL,2016-03,1,-1,-1,Shareholder Returns
BEL,2017-03,-1,1,-1,Asset Sale Funded Repayment
BEL,2018-03,-1,-1,-1,Pre-Revenue
BEL,2019-03,1,-1,-1,Reinvestor
BEL,2020-03,1,-1,-1,Reinvestor
BEL,2021-03,1,-1,-1,Shareholder Returns
BEL,2022-03,1,-1,-1,Shareholder Returns
BEL,2023-03,1,1,-1,Liquidating Assets
BEL,2024-03,1,-1,-1,Reinvestor
BEL,2024-09,,,,
BHEL,2013-03,1,-1,1,Mixed
BHEL,2014-03,1,-1,1,Mixed
BHEL,2015-03,1,1,-1,Liquidating Assets
BHEL,2016-03,1,1,-1,Liquidating Assets
BHEL,2017-03,1,-1,-1,Reinvestor
BHEL,2018-03,1,1,-1,Liquidating Assets
BHEL,2019-03,-1,1,-1,Asset Sale Funded Repayment
BHEL,2020-03,-1,1,1,Distress Signal
BHEL,2021-03,1,-1,-1,Reinvestor
BHEL,2022-03,1,-1,-1,Reinvestor
BHEL,2023-03,-1,1,1,Distress Signal
BHEL,2024-03,-1,1,1,Distress Signal
BHEL,2024-09,,,,
BOSCHLTD,2012-12,1,-1,-1,Reinvestor
BOSCHLTD,2013-12,1,-1,-1,Reinvestor
BOSCHLTD,2015-03,1,-1,-1,Reinvestor
BOSCHLTD,2016-03,1,-1,-1,Reinvestor
BOSCHLTD,2017-03,1,1,-1,Liquidating Assets
BOSCHLTD,2018-03,1,-1,-1,Reinvestor
BOSCHLTD,2019-03,1,1,-1,Liquidating Assets
BOSCHLTD,2020-03,1,-1,-1,Shareholder Returns
BOSCHLTD,2021-03,1,-1,-1,Shareholder Returns
BOSCHLTD,2022-03,1,-1,-1,Reinvestor
BOSCHLTD,2023-03,1,1,-1,Liquidating Assets
BOSCHLTD,2024-03,1,1,-1,Liquidating Assets
BOSCHLTD,2024-09,,,,
BPCL,2013-03,1,-1,-1,Shareholder Returns
BPCL,2014-03,1,-1,-1,Shareholder Returns
BPCL,2015-03,1,-1,-1,Shareholder Returns
BPCL,2016-03,1,-1,-1,Reinvestor
BPCL,2017-03,1,-1,1,Mixed
BPCL,2018-03,1,-1,-1,Reinvestor
BPCL,2019-03,1,-1,1,Mixed
BPCL,2020-03,1,-1,1,Mixed
BPCL,2021-03,1,-1,-1,Reinvestor
BPCL,2022-03,1,-1,-1,Shareholder Returns
BPCL,2023-03,1,-1,-1,Shareholder Returns
BPCL,2024-03,1,-1,-1,Reinvestor
BPCL,2024-09,,,,
BRITANNIA,2013-03,1,1,-1,Liquidating Assets
BRITANNIA,2014-03,1,-1,-1,Shareholder Returns
BRITANNIA,2015-03,1,-1,-1,Reinvestor
BRITANNIA,2016-03,1,-1,-1,Reinvestor
BRITANNIA,2017-03,1,-1,-1,Reinvestor
BRITANNIA,2018-03,1,-1,-1,Reinvestor
BRITANNIA,2019-03,1,-1,-1,Reinvestor
BRITANNIA,2020-03,1,-1,1,Mixed
BRITANNIA,2021-03,1,1,-1,Liquidating Assets
BRITANNIA,2022-03,1,1,-1,Liquidating Assets
BRITANNIA,2023-03,1,-1,-1,Reinvestor
BRITANNIA,2024-03,1,1,-1,Liquidating Assets
BRITANNIA,2024-09,,,,
CANBK,2013-03,1,-1,-1,Shareholder Returns
CANBK,2014-03,1,-1,-1,Shareholder Returns
CANBK,2015-03,1,-1,-1,Shareholder Returns
CANBK,2016-03,1,-1,-1,Reinvestor
CANBK,2017-03,1,-1,1,Mixed
CANBK,2018-03,-1,-1,1,Growth Funded by Debt
CANBK,2019-03,1,-1,-1,Shareholder Returns
CANBK,2020-03,-1,-1,1,Growth Funded by Debt
CANBK,2021-03,1,-1,1,Mixed
CANBK,2022-03,1,-1,1,Mixed
CANBK,2023-03,-1,-1,1,Growth Funded by Debt
CANBK,2024-03,1,-1,-1,Reinvestor
CHOLAFIN,2013-03,-1,1,1,Distress Signal
CHOLAFIN,2014-03,-1,-1,1,Growth Funded by Debt
CHOLAFIN,2015-03,-1,-1,1,Growth Funded by Debt
CHOLAFIN,2016-03,-1,-1,1,Growth Funded by Debt
CHOLAFIN,2017-03,-1,-1,1,Growth Funded by Debt
CHOLAFIN,2018-03,-1,-1,1,Growth Funded by Debt
CHOLAFIN,2019-03,-1,-1,1,Growth Funded by Debt
CHOLAFIN,2020-03,-1,-1,1,Growth Funded by Debt
CHOLAFIN,2021-03,-1,-1,1,Growth Funded by Debt
CHOLAFIN,2022-03,-1,1,1,Distress Signal
CHOLAFIN,2023-03,-1,-1,1,Growth Funded by Debt
CHOLAFIN,2024-03,-1,-1,1,Growth Funded by Debt
CHOLAFIN,2024-09,,,,
CIPLA,2013-03,1,-1,1,Mixed
CIPLA,2014-03,1,-1,-1,Reinvestor
CIPLA,2015-03,1,-1,1,Mixed
CIPLA,2016-03,1,-1,1,Mixed
CIPLA,2017-03,1,-1,-1,Shareholder Returns
CIPLA,2018-03,1,-1,-1,Reinvestor
CIPLA,2019-03,1,-1,-1,Reinvestor
CIPLA,2020-03,1,1,-1,Liquidating Assets
CIPLA,2021-03,1,-1,-1,Shareholder Returns
CIPLA,2022-03,1,-1,-1,Reinvestor
CIPLA,2023-03,1,-1,-1,Reinvestor
CIPLA,2024-03,1,-1,-1,Reinvestor
CIPLA,2024-09,,,,
COALINDIA,2013-03,1,-1,-1,Reinvestor
COALINDIA,2014-03,1,1,-1,Liquidating Assets
COALINDIA,2015-03,1,1,-1,Liquidating Assets
COALINDIA,2016-03,1,1,-1,Liquidating Assets
COALINDIA,2017-03,1,1,-1,Liquidating Assets
COALINDIA,2018-03,1,-1,-1,Shareholder Returns
COALINDIA,2019-03,1,-1,-1,Reinvestor
COALINDIA,2020-03,1,1,-1,Liquidating Assets
COALINDIA,2021-03,1,1,-1,Liquidating Assets
COALINDIA,2022-03,1,-1,-1,Shareholder Returns
COALINDIA,2023-03,1,-1,-1,Reinvestor
COALINDIA,2024-03,1,-1,-1,Reinvestor
COALINDIA,2024-09,,,,
DABUR,2013-03,1,-1,-1,Reinvestor
DABUR,2014-03,1,-1,-1,Reinvestor
DABUR,2015-03,1,-1,-1,Reinvestor
DABUR,2016-03,1,-1,-1,Reinvestor
DABUR,2017-03,1,-1,-1,Reinvestor
DABUR,2018-03,1,-1,-1,Reinvestor
DABUR,2019-03,1,1,-1,Liquidating Assets
DABUR,2020-03,1,-1,-1,Reinvestor
DABUR,2021-03,1,-1,-1,Reinvestor
DABUR,2022-03,1,-1,-1,Reinvestor
DABUR,2023-03,1,-1,-1,Reinvestor
DABUR,2024-03,1,-1,-1,Reinvestor
DABUR,2024-09,,,,
DIVISLAB,2013-03,1,-1,-1,Reinvestor
DIVISLAB,2014-03,1,-1,-1,Reinvestor
DIVISLAB,2015-03,1,-1,-1,Reinvestor
DIVISLAB,2016-03,1,-1,-1,Reinvestor
DIVISLAB,2017-03,1,-1,1,Mixed
DIVISLAB,2018-03,1,-1,-1,Reinvestor
DIVISLAB,2019-03,1,-1,-1,Reinvestor
DIVISLAB,2020-03,1,-1,-1,Reinvestor
DIVISLAB,2021-03,1,1,-1,Liquidating Assets
DIVISLAB,2022-03,1,-1,-1,Reinvestor
DIVISLAB,2023-03,1,-1,-1,Reinvestor
DIVISLAB,2024-03,1,-1,-1,Reinvestor
DIVISLAB,2024-09,,,,
DLF,2013-03,1,1,-1,Liquidating Assets
DLF,2014-03,1,1,-1,Liquidating Assets
DLF,2015-03,1,1,-1,Liquidating Assets
DLF,2016-03,1,-1,-1,Shareholder Returns
DLF,2017-03,-1,1,1,Distress Signal
DLF,2018-03,1,-1,-1,Reinvestor
DLF,2019-03,1,1,1,Cash Accumulator
DLF,2020-03,1,1,-1,Liquidating Assets
DLF,2021-03,1,1,-1,Liquidating Assets
DLF,2022-03,1,1,-1,Liquidating Assets
DLF,2023-03,1,-1,-1,Reinvestor
DLF,2024-03,1,-1,1,Mixed
DLF,2024-09,,,,
DMART,2013-03,1,-1,1,Mixed
DMART,2014-03,1,-1,1,Mixed
DMART,2015-03,1,-1,1,Mixed
DMART,2016-03,1,-1,1,Mixed
DMART,2017-03,1,-1,1,Mixed
DMART,2018-03,1,1,-1,Liquidating Assets
DMART,2019-03,1,-1,1,Mixed
DMART,2020-03,1,-1,1,Mixed
DMART,2021-03,1,-1,-1,Reinvestor
DMART,2022-03,1,-1,-1,Reinvestor
DMART,2023-03,1,-1,-1,Reinvestor
DMART,2024-03,1,-1,-1,Reinvestor
DMART,2024-09,,,,
DRREDDY,2013-03,1,-1,-1,Reinvestor
DRREDDY,2014-03,1,-1,-1,Reinvestor
DRREDDY,2015-03,1,-1,-1,Reinvestor
DRREDDY,2016-03,1,-1,-1,Shareholder Returns
DRREDDY,2017-03,1,-1,-1,Shareholder Returns
DRREDDY,2018-03,1,-1,-1,Shareholder Returns
DRREDDY,2019-03,1,-1,-1,Reinvestor
DRREDDY,2020-03,1,-1,-1,Reinvestor
DRREDDY,2021-03,1,-1,-1,Shareholder Returns
DRREDDY,2022-03,1,-1,-1,Reinvestor
DRREDDY,2023-03,1,-1,-1,Reinvestor
DRREDDY,2024-03,1,-1,-1,Reinvestor
DRREDDY,2024-09,,,,
EICHERMOT,2012-12,1,-1,-1,Reinvestor
EICHERMOT,2013-12,1,-1,-1,Reinvestor
EICHERMOT,2014-12,1,-1,-1,Reinvestor
EICHERMOT,2016-03,1,-1,-1,Reinvestor
EICHERMOT,2017-03,1,-1,1,Mixed
EICHERMOT,2018-03,1,-1,-1,Reinvestor
EICHERMOT,2019-03,1,-1,-1,Reinvestor
EICHERMOT,2020-03,1,-1,-1,Reinvestor
EICHERMOT,2021-03,1,-1,-1,Reinvestor
EICHERMOT,2022-03,1,-1,-1,Reinvestor
EICHERMOT,2023-03,1,-1,-1,Reinvestor
EICHERMOT,2024-03,1,-1,-1,Reinvestor
EICHERMOT,2024-09,,,,
GAIL,2013-03,1,-1,1,Mixed
GAIL,2014-03,1,-1,-1,Reinvestor
GAIL,2015-03,1,-1,-1,Reinvestor
GAIL,2016-03,1,-1,-1,Shareholder Returns
GAIL,2017-03,1,-1,-1,Shareholder Returns
GAIL,2018-03,1,-1,-1,Shareholder Returns
GAIL,2019-03,1,-1,-1,Reinvestor
GAIL,2020-03,1,-1,1,Mixed
GAIL,2021-03,1,-1,-1,Reinvestor
GAIL,2022-03,1,-1,-1,Reinvestor
GAIL,2023-03,1,-1,1,Mixed
GAIL,2024-03,1,-1,-1,Reinvestor
GAIL,2024-09,,,,
GODREJCP,2013-03,1,-1,1,Mixed
GODREJCP,2014-03,1,-1,-1,Reinvestor
GODREJCP,2015-03,1,-1,-1,Reinvestor
GODREJCP,2016-03,1,-1,-1,Reinvestor
GODREJCP,2017-03,1,-1,1,Mixed
GODREJCP,2018-03,1,-1,-1,Reinvestor
GODREJCP,2019-03,1,1,-1,Liquidating Assets
GODREJCP,2020-03,1,-1,-1,Reinvestor
GODREJCP,2021-03,1,-1,-1,Reinvestor
GODREJCP,2022-03,1,-1,-1,Reinvestor
GODREJCP,2023-03,1,-1,-1,Reinvestor
GODREJCP,2024-03,1,-1,1,Mixed
GODREJCP,2024-09,,,,
GRASIM,2013-03,1,-1,1,Mixed
GRASIM,2014-03,1,-1,-1,Reinvestor
GRASIM,2015-03,1,-1,-1,Shareholder Returns
GRASIM,2016-03,1,-1,-1,Shareholder Returns
GRASIM,2017-03,1,-1,-1,Shareholder Returns
GRASIM,2018-03,-1,1,1,Distress Signal
GRASIM,2019-03,-1,-1,1,Growth Funded by Debt
GRASIM,2020-03,1,-1,-1,Shareholder Returns
GRASIM,2021-03,1,-1,-1,Shareholder Returns
GRASIM,2022-03,1,-1,-1,Reinvestor
GRASIM,2023-03,-1,-1,1,Growth Funded by Debt
GRASIM,2024-03,-1,-1,1,Growth Funded by Debt
GRASIM,2024-09,,,,
HAL,2013-03,,,,
HAL,2014-03,,,,
HAL,2015-03,,,,
HAL,2016-03,,,,
HAL,2017-03,-1,1,-1,Asset Sale Funded Repayment
HAL,2018-03,-1,1,-1,Asset Sale Funded Repayment
HAL,2019-03,-1,1,1,Distress Signal
HAL,2020-03,1,-1,1,Mixed
HAL,2021-03,1,-1,-1,Shareholder Returns
HAL,2022-03,1,-1,-1,Shareholder Returns
HAL,2023-03,1,-1,-1,Shareholder Returns
HAL,2024-03,1,-1,-1,Reinvestor
HAL,2024-09,,,,
HAVELLS,2013-03,1,-1,-1,Reinvestor
HAVELLS,2014-03,1,-1,-1,Shareholder Returns
HAVELLS,2015-03,1,-1,-1,Shareholder Returns
HAVELLS,2016-03,1,-1,-1,Reinvestor
HAVELLS,2017-03,1,-1,-1,Shareholder Returns
HAVELLS,2018-03,1,-1,-1,Shareholder Returns
HAVELLS,2019-03,1,1,-1,Liquidating Assets
HAVELLS,2020-03,1,-1,-1,Reinvestor
HAVELLS,2021-03,1,-1,1,Mixed
HAVELLS,2022-03,1,-1,-1,Reinvestor
HAVELLS,2023-03,1,1,-1,Liquidating Assets
HAVELLS,2024-03,1,-1,-1,Shareholder Returns
HAVELLS,2024-09,,,,
HCLTECH,2013-06,1,-1,-1,Reinvestor
HCLTECH,2014-06,1,-1,-1,Reinvestor
HCLTECH,2015-06,1,-1,-1,Reinvestor
HCLTECH,2016-03,1,-1,-1,Reinvestor
HCLTECH,2017-03,1,-1,-1,Reinvestor
HCLTECH,2018-03,1,-1,-1,Reinvestor
HCLTECH,2019-03,1,-1,-1,Reinvestor
HCLTECH,2020-03,1,-1,-1,Reinvestor
HCLTECH,2021-03,1,-1,-1,Shareholder Returns
HCLTECH,2022-03,1,1,-1,Liquidating Assets
HCLTECH,2023-03,1,-1,-1,Reinvestor
HCLTECH,2024-03,1,-1,-1,Reinvestor
HCLTECH,2024-09,,,,
HDFCBANK,2013-03,-1,-1,1,Growth Funded by Debt
HDFCBANK,2014-03,1,-1,1,Mixed
HDFCBANK,2015-03,-1,-1,1,Growth Funded by Debt
HDFCBANK,2016-03,-1,-1,1,Growth Funded by Debt
HDFCBANK,2017-03,1,-1,-1,Reinvestor
HDFCBANK,2018-03,1,-1,1,Mixed
HDFCBANK,2019-03,-1,-1,1,Growth Funded by Debt
HDFCBANK,2020-03,-1,-1,1,Growth Funded by Debt
HDFCBANK,2021-03,1,-1,-1,Reinvestor
HDFCBANK,2022-03,-1,-1,1,Growth Funded by Debt
HDFCBANK,2023-03,1,-1,1,Mixed
HDFCBANK,2024-03,1,1,-1,Liquidating Assets
HDFCLIFE,2013-03,,,,
HDFCLIFE,2014-03,,,,
HDFCLIFE,2015-03,1,-1,-1,Shareholder Returns
HDFCLIFE,2016-03,1,-1,-1,Shareholder Returns
HDFCLIFE,2017-03,1,-1,-1,Shareholder Returns
HDFCLIFE,2018-03,1,-1,-1,Shareholder Returns
HDFCLIFE,2019-03,1,-1,-1,Shareholder Returns
HDFCLIFE,2020-03,1,-1,1,Mixed
HDFCLIFE,2021-03,1,-1,1,Mixed
HDFCLIFE,2022-03,1,-1,-1,Shareholder Returns
HDFCLIFE,2023-03,1,-1,1,Mixed
HDFCLIFE,2024-03,1,-1,-1,Shareholder Returns
HDFCLIFE,2024-09,,,,
HEROMOTOCO,2014-03,1,-1,-1,Reinvestor
HEROMOTOCO,2015-03,1,1,-1,Liquidating Assets
HEROMOTOCO,2016-03,1,-1,-1,Reinvestor
HEROMOTOCO,2017-03,1,-1,-1,Reinvestor
HEROMOTOCO,2018-03,1,-1,-1,Reinvestor
HEROMOTOCO,2019-03,1,1,-1,Liquidating Assets
HEROMOTOCO,2020-03,1,-1,-1,Shareholder Returns
HEROMOTOCO,2021-03,1,-1,-1,Reinvestor
HEROMOTOCO,2022-03,1,-1,-1,Reinvestor
HEROMOTOCO,2023-03,1,-1,-1,Reinvestor
HEROMOTOCO,2024-03,1,-1,-1,Reinvestor
HEROMOTOCO,2024-09,,,,
HINDALCO,2013-03,1,-1,1,Mixed
HINDALCO,2014-03,1,-1,1,Mixed
HINDALCO,2015-03,1,-1,-1,Shareholder Returns
HINDALCO,2016-03,1,-1,-1,Reinvestor
HINDALCO,2017-03,1,-1,-1,Shareholder Returns
HINDALCO,2018-03,1,1,-1,Liquidating Assets
HINDALCO,2019-03,1,-1,-1,Shareholder Returns
HINDALCO,2020-03,1,-1,1,Mixed
HINDALCO,2021-03,1,-1,-1,Shareholder Returns
HINDALCO,2022-03,1,-1,-1,Reinvestor
HINDALCO,2023-03,1,-1,-1,Shareholder Returns
HINDALCO,2024-03,1,-1,-1,Shareholder Returns
HINDALCO,2024-09,,,,
HINDUNILVR,2013-03,1,1,-1,Liquidating Assets
HINDUNILVR,2014-03,1,-1,-1,Reinvestor
HINDUNILVR,2015-03,1,1,-1,Liquidating Assets
HINDUNILVR,2016-03,1,-1,-1,Reinvestor
HINDUNILVR,2017-03,1,-1,-1,Reinvestor
HINDUNILVR,2018-03,1,-1,-1,Reinvestor
HINDUNILVR,2019-03,1,-1,-1,Reinvestor
HINDUNILVR,2020-03,1,1,-1,Liquidating Assets
HINDUNILVR,2021-03,1,-1,-1,Reinvestor
HINDUNILVR,2022-03,1,-1,-1,Reinvestor
HINDUNILVR,2023-03,1,-1,-1,Reinvestor
HINDUNILVR,2024-03,1,-1,-1,Shareholder Returns
HINDUNILVR,2024-09,,,,
ICICIBANK,2013-03,1,-1,1,Mixed
ICICIBANK,2014-03,1,-1,1,Mixed
ICICIBANK,2015-03,-1,-1,1,Growth Funded by Debt
ICICIBANK,2016-03,1,-1,1,Mixed
ICICIBANK,2017-03,1,-1,-1,Shareholder Returns
ICICIBANK,2018-03,1,-1,1,Mixed
ICICIBANK,2019-03,1,-1,-1,Shareholder Returns
ICICIBANK,2020-03,1,-1,1,Mixed
ICICIBANK,2021-03,1,-1,-1,Shareholder Returns
ICICIBANK,2022-03,1,-1,1,Mixed
ICICIBANK,2023-03,-1,-1,1,Growth Funded by Debt
ICICIBANK,2024-03,1,-1,1,Mixed
ICICIGI,2013-03,1,-1,1,Mixed
ICICIGI,2014-03,1,-1,1,Mixed
ICICIGI,2015-03,-1,1,-1,Asset Sale Funded Repayment
ICICIGI,2016-03,1,-1,-1,Reinvestor
ICICIGI,2017-03,1,-1,1,Mixed
ICICIGI,2018-03,1,-1,-1,Shareholder Returns
ICICIGI,2019-03,1,-1,-1,Shareholder Returns
ICICIGI,2020-03,1,-1,-1,Shareholder Returns
ICICIGI,2021-03,1,-1,-1,Reinvestor
ICICIGI,2022-03,1,1,-1,Liquidating Assets
ICICIGI,2023-03,1,-1,-1,Reinvestor
ICICIGI,2024-03,1,-1,-1,Reinvestor
ICICIGI,2024-09,,,,
ICICIPRULI,2013-03,-1,1,-1,Asset Sale Funded Repayment
ICICIPRULI,2014-03,-1,1,-1,Asset Sale Funded Repayment
ICICIPRULI,2015-03,1,-1,-1,Reinvestor
ICICIPRULI,2016-03,1,1,-1,Liquidating Assets
ICICIPRULI,2017-03,1,-1,-1,Shareholder Returns
ICICIPRULI,2018-03,1,-1,-1,Shareholder Returns
ICICIPRULI,2019-03,1,-1,-1,Shareholder Returns
ICICIPRULI,2020-03,1,-1,-1,Shareholder Returns
ICICIPRULI,2021-03,1,-1,1,Mixed
ICICIPRULI,2022-03,1,-1,-1,Shareholder Returns
ICICIPRULI,2023-03,1,-1,-1,Reinvestor
ICICIPRULI,2024-03,-1,1,-1,Asset Sale Funded Repayment
ICICIPRULI,2024-09,,,,
INDUSINDBK,2013-03,-1,-1,1,Growth Funded by Debt
INDUSINDBK,2014-03,-1,-1,1,Growth Funded by Debt
INDUSINDBK,2015-03,-1,-1,1,Growth Funded by Debt
INDUSINDBK,2016-03,-1,-1,1,Growth Funded by Debt
INDUSINDBK,2017-03,1,-1,-1,Shareholder Returns
INDUSINDBK,2018-03,-1,-1,1,Growth Funded by Debt
INDUSINDBK,2019-03,-1,-1,1,Growth Funded by Debt
INDUSINDBK,2020-03,-1,1,1,Distress Signal
INDUSINDBK,2021-03,1,-1,-1,Shareholder Returns
INDUSINDBK,2022-03,1,-1,-1,Shareholder Returns
INDUSINDBK,2023-03,-1,-1,1,Growth Funded by Debt
INDUSINDBK,2024-03,-1,-1,-1,Pre-Revenue
INFY,2013-03,1,-1,-1,Reinvestor
INFY,2014-03,1,-1,-1,Reinvestor
INFY,2015-03,1,1,-1,Liquidating Assets
INFY,2016-03,1,-1,-1,Reinvestor
INFY,2017-03,1,-1,-1,Reinvestor
INFY,2018-03,1,1,-1,Liquidating Assets
INFY,2019-03,1,-1,-1,Reinvestor
INFY,2020-03,1,-1,-1,Reinvestor
INFY,2021-03,1,-1,-1,Reinvestor
INFY,2022-03,1,-1,-1,Reinvestor
INFY,2023-03,1,-1,-1,Reinvestor
INFY,2024-03,1,-1,-1,Reinvestor
INFY,2024-09,,,,
IOC,2013-03,1,-1,1,Mixed
IOC,2014-03,1,-1,-1,Shareholder Returns
IOC,2015-03,1,-1,-1,Shareholder Returns
IOC,2016-03,1,-1,-1,Shareholder Returns
IOC,2017-03,1,-1,-1,Reinvestor
IOC,2018-03,1,-1,-1,Reinvestor
IOC,2019-03,1,-1,1,Mixed
IOC,2020-03,1,-1,1,Mixed
IOC,2021-03,1,-1,-1,Shareholder Returns
IOC,2022-03,1,-1,-1,Reinvestor
IOC,2023-03,1,-1,-1,Shareholder Returns
IOC,2024-03,1,-1,-1,Shareholder Returns
IOC,2024-09,,,,
IRCTC,2015-03,1,-1,-1,Reinvestor
IRCTC,2016-03,1,1,-1,Liquidating Assets
IRCTC,2017-03,1,1,-1,Liquidating Assets
IRCTC,2018-03,1,1,-1,Liquidating Assets
IRCTC,2019-03,1,-1,-1,Shareholder Returns
IRCTC,2020-03,1,1,-1,Liquidating Assets
IRCTC,2021-03,1,-1,-1,Reinvestor
IRCTC,2022-03,1,-1,-1,Reinvestor
IRCTC,2023-03,1,-1,-1,Reinvestor
IRCTC,2024-03,1,-1,-1,Reinvestor
IRCTC,2024-09,,,,
IRFC,2013-03,,,,
IRFC,2014-03,,,,
IRFC,2015-03,,,,
IRFC,2016-03,-1,1,1,Distress Signal
IRFC,2017-03,-1,1,1,Distress Signal
IRFC,2018-03,-1,1,1,Distress Signal
IRFC,2019-03,-1,1,1,Distress Signal
IRFC,2020-03,-1,1,1,Distress Signal
IRFC,2021-03,-1,1,1,Distress Signal
IRFC,2022-03,-1,-1,1,Growth Funded by Debt
IRFC,2023-03,-1,1,1,Distress Signal
IRFC,2024-03,1,-1,-1,Reinvestor
IRFC,2024-09,,,,
ITC,2013-03,1,-1,-1,Reinvestor
ITC,2014-03,1,-1,-1,Reinvestor
ITC,2015-03,1,-1,-1,Reinvestor
ITC,2016-03,1,-1,-1,Reinvestor
ITC,2017-03,1,-1,-1,Reinvestor
ITC,2018-03,1,-1,-1,Reinvestor
ITC,2019-03,1,-1,-1,Reinvestor
ITC,2020-03,1,-1,-1,Reinvestor
ITC,2021-03,1,1,-1,Liquidating Assets
ITC,2022-03,1,-1,-1,Reinvestor
ITC,2023-03,1,-1,-1,Reinvestor
ITC,2024-03,1,1,-1,Liquidating Assets
ITC,2024-09,,,,
JINDALSTEL,2013-03,1,-1,1,Mixed
JINDALSTEL,2014-03,1,-1,1,Mixed
JINDALSTEL,2015-03,1,-1,1,Mixed
JINDALSTEL,2016-03,1,-1,-1,Reinvestor
JINDALSTEL,2017-03,1,-1,-1,Reinvestor
JINDALSTEL,2018-03,1,-1,-1,Reinvestor
JINDALSTEL,2019-03,1,-1,-1,Reinvestor
JINDALSTEL,2020-03,1,-1,-1,Reinvestor
JINDALSTEL,2021-03,1,-1,-1,Shareholder Returns
JINDALSTEL,2022-03,1,-1,-1,Shareholder Returns
JINDALSTEL,2023-03,1,-1,-1,Shareholder Returns
JINDALSTEL,2024-03,1,-1,1,Mixed
JINDALSTEL,2024-09,,,,
JIOFIN,2023-03,1,-1,-1,Shareholder Returns
JIOFIN,2024-03,-1,1,-1,Asset Sale Funded Repayment
JIOFIN,2024-09,,,,
JSWENERGY,2013-03,1,-1,-1,Shareholder Returns
JSWENERGY,2014-03,1,-1,-1,Shareholder Returns
JSWENERGY,2015-03,1,-1,-1,Shareholder Returns
JSWENERGY,2016-03,1,-1,-1,Shareholder Returns
JSWENERGY,2017-03,1,-1,-1,Shareholder Returns
JSWENERGY,2018-03,1,-1,-1,Shareholder Returns
JSWENERGY,2019-03,1,-1,-1,Shareholder Returns
JSWENERGY,2020-03,1,1,-1,Liquidating Assets
JSWENERGY,2021-03,1,-1,-1,Shareholder Returns
JSWENERGY,2022-03,1,-1,-1,Shareholder Returns
JSWENERGY,2023-03,1,-1,1,Mixed
JSWENERGY,2024-03,1,-1,1,Mixed
JSWENERGY,2024-09,,,,
JSWSTEEL,2013-03,1,-1,-1,Shareholder Returns
JSWSTEEL,2014-03,1,-1,1,Mixed
JSWSTEEL,2015-03,1,-1,-1,Shareholder Returns
JSWSTEEL,2016-03,1,-1,-1,Reinvestor
JSWSTEEL,2017-03,1,-1,-1,Shareholder Returns
JSWSTEEL,2018-03,1,-1,-1,Shareholder Returns
JSWSTEEL,2019-03,1,-1,1,Mixed
JSWSTEEL,2020-03,1,-1,1,Mixed
JSWSTEEL,2021-03,1,-1,-1,Shareholder Returns
JSWSTEEL,2022-03,1,-1,-1,Reinvestor
JSWSTEEL,2023-03,1,-1,-1,Shareholder Returns
JSWSTEEL,2024-03,1,-1,-1,Reinvestor
JSWSTEEL,2024-09,,,,
KOTAKBANK,2013-03,1,-1,1,Mixed
KOTAKBANK,2014-03,1,-1,-1,Shareholder Returns
KOTAKBANK,2015-03,1,-1,1,Mixed
KOTAKBANK,2016-03,1,-1,1,Mixed
KOTAKBANK,2017-03,1,-1,1,Mixed
KOTAKBANK,2018-03,-1,-1,1,Growth Funded by Debt
KOTAKBANK,2019-03,1,-1,1,Mixed
KOTAKBANK,2020-03,1,-1,-1,Shareholder Returns
KOTAKBANK,2021-03,1,-1,-1,Reinvestor
KOTAKBANK,2022-03,1,-1,1,Mixed
KOTAKBANK,2023-03,-1,-1,1,Growth Funded by Debt
KOTAKBANK,2024-03,1,-1,1,Mixed
LICI,2019-03,1,1,-1,Liquidating Assets
LICI,2020-03,1,-1,-1,Shareholder Returns
LICI,2021-03,1,1,-1,Liquidating Assets
LICI,2022-03,-1,1,1,Distress Signal
LICI,2023-03,1,-1,-1,Shareholder Returns
LICI,2024-03,1,-1,-1,Reinvestor
LICI,2024-09,,,,
LODHA,2011-03,,,,
LODHA,2012-03,,,,
LODHA,2015-03,,,,
LODHA,2016-03,1,-1,1,Mixed
LODHA,2017-03,1,-1,-1,Shareholder Returns
LODHA,2018-03,1,-1,1,Mixed
LODHA,2019-03,-1,-1,1,Growth Funded by Debt
LODHA,2020-03,1,1,-1,Liquidating Assets
LODHA,2021-03,1,1,-1,Liquidating Assets
LODHA,2022-03,1,1,-1,Liquidating Assets
LODHA,2023-03,1,1,-1,Liquidating Assets
LODHA,2024-03,1,-1,1,Mixed
LODHA,2024-09,,,,
LT,2013-03,-1,-1,1,Growth Funded by Debt
LT,2014-03,-1,-1,1,Growth Funded by Debt
LT,2015-03,-1,-1,1,Growth Funded by Debt
LT,2016-03,-1,-1,1,Growth Funded by Debt
LT,2017-03,1,-1,1,Mixed
LT,2018-03,-1,1,1,Distress Signal
LT,2019-03,-1,-1,1,Growth Funded by Debt
LT,2020-03,1,-1,1,Mixed
LT,2021-03,1,-1,-1,Shareholder Returns
LT,2022-03,1,-1,-1,Shareholder Returns
LT,2023-03,1,-1,-1,Shareholder Returns
LT,2024-03,1,1,-1,Liquidating Assets
LT,2024-09,,,,
LTIM,2013-03,1,-1,-1,Reinvestor
LTIM,2014-03,1,1,-1,Liquidating Assets
LTIM,2015-03,1,-1,-1,Reinvestor
LTIM,2016-03,1,-1,-1,Reinvestor
LTIM,2017-03,1,-1,-1,Reinvestor
LTIM,2018-03,1,-1,-1,Reinvestor
LTIM,2019-03,1,-1,-1,Reinvestor
LTIM,2020-03,1,-1,-1,Reinvestor
LTIM,2021-03,1,-1,-1,Reinvestor
LTIM,2022-03,1,-1,-1,Reinvestor
LTIM,2023-03,1,-1,-1,Reinvestor
LTIM,2024-03,1,-1,-1,Reinvestor
LTIM,2024-09,,,,
M&M,2013-03,-1,-1,1,Growth Funded by Debt
M&M,2014-03,-1,-1,1,Growth Funded by Debt
M&M,2015-03,1,-1,1,Mixed
M&M,2016-03,1,-1,1,Mixed
M&M,2017-03,1,-1,1,Mixed
M&M,2018-03,1,-1,1,Mixed
M&M,2019-03,-1,-1,1,Growth Funded by Debt
M&M,2020-03,-1,-1,1,Growth Funded by Debt
M&M,2021-03,1,-1,1,Mixed
M&M,2022-03,1,-1,-1,Reinvestor
M&M,2023-03,-1,-1,1,Growth Funded by Debt
M&M,2024-03,-1,-1,1,Growth Funded by Debt
M&M,2024-09,,,,
MARUTI,2013-03,1,-1,-1,Shareholder Returns
MARUTI,2014-03,1,-1,-1,Shareholder Returns
MARUTI,2015-03,1,-1,-1,Shareholder Returns
MARUTI,2016-03,1,-1,-1,Shareholder Returns
MARUTI,2017-03,1,-1,-1,Reinvestor
MARUTI,2018-03,1,-1,-1,Reinvestor
MARUTI,2019-03,1,-1,-1,Reinvestor
MARUTI,2020-03,1,-1,-1,Reinvestor
MARUTI,2021-03,1,-1,-1,Shareholder Returns
MARUTI,2022-03,1,-1,-1,Reinvestor
MARUTI,2023-03,1,-1,-1,Reinvestor
MARUTI,2024-03,1,-1,-1,Reinvestor
MARUTI,2024-09,,,,
MOTHERSON,2013-03,1,-1,-1,Shareholder Returns
MOTHERSON,2014-03,1,-1,-1,Shareholder Returns
MOTHERSON,2015-03,1,-1,1,Mixed
MOTHERSON,2016-03,1,-1,-1,Reinvestor
MOTHERSON,2017-03,1,-1,1,Mixed
MOTHERSON,2018-03,1,-1,-1,Reinvestor
MOTHERSON,2019-03,1,-1,-1,Shareholder Returns
MOTHERSON,2020-03,1,-1,-1,Shareholder Returns
MOTHERSON,2021-03,1,-1,-1,Shareholder Returns
MOTHERSON,2022-03,1,-1,-1,Shareholder Returns
MOTHERSON,2023-03,1,-1,-1,Shareholder Returns
MOTHERSON,2024-03,1,-1,1,Mixed
MOTHERSON,2024-09,,,,
NAUKRI,2013-03,1,-1,-1,Reinvestor
NAUKRI,2014-03,1,-1,1,Mixed
NAUKRI,2015-03,1,-1,1,Mixed
NAUKRI,2016-03,1,-1,-1,Reinvestor
NAUKRI,2017-03,1,-1,-1,Reinvestor
NAUKRI,2018-03,1,-1,-1,Reinvestor
NAUKRI,2019-03,1,-1,-1,Reinvestor
NAUKRI,2020-03,1,1,-1,Liquidating Assets
NAUKRI,2021-03,1,-1,1,Mixed
NAUKRI,2022-03,1,-1,1,Mixed
NAUKRI,2023-03,1,-1,1,Mixed
NAUKRI,2024-03,1,-1,1,Mixed
NAUKRI,2024-09,,,,
NESTLEIND,2013-12,1,-1,-1,Shareholder Returns
NESTLEIND,2014-12,1,-1,-1,Reinvestor
NESTLEIND,2015-12,1,-1,-1,Shareholder Returns
NESTLEIND,2016-12,1,-1,-1,Reinvestor
NESTLEIND,2017-12,1,-1,-1,Reinvestor
NESTLEIND,2018-12,1,-1,-1,Reinvestor
NESTLEIND,2019-12,1,1,-1,Liquidating Assets
NESTLEIND,2020-12,1,-1,-1,Reinvestor
NESTLEIND,2021-12,1,-1,-1,Reinvestor
NESTLEIND,2022-12,1,-1,-1,Reinvestor
NESTLEIND,2023-12,1,-1,-1,Reinvestor
NESTLEIND,2024-03,1,-1,-1,Reinvestor
NESTLEIND,2024-09,,,,
NHPC,2013-03,1,-1,-1,Reinvestor
NHPC,2014-03,1,-1,-1,Shareholder Returns
NHPC,2015-03,1,-1,-1,Reinvestor
NHPC,2016-03,1,-1,-1,Shareholder Returns
NHPC,2017-03,1,-1,-1,Shareholder Returns
NHPC,2018-03,1,-1,-1,Shareholder Returns
NHPC,2019-03,1,-1,-1,Reinvestor
NHPC,2020-03,1,-1,1,Mixed
NHPC,2021-03,1,-1,-1,Reinvestor
NHPC,2022-03,1,-1,-1,Reinvestor
NHPC,2023-03,1,-1,-1,Reinvestor
NHPC,2024-03,1,-1,-1,Shareholder Returns
NHPC,2024-09,,,,
NTPC,2013-03,1,-1,1,Mixed
NTPC,2014-03,1,-1,-1,Reinvestor
NTPC,2015-03,1,-1,-1,Reinvestor
NTPC,2016-03,1,-1,-1,Shareholder Returns
NTPC,2017-03,1,-1,1,Mixed
NTPC,2018-03,1,-1,1,Mixed
NTPC,2019-03,1,-1,1,Mixed
NTPC,2020-03,1,-1,1,Mixed
NTPC,2021-03,1,-1,-1,Shareholder Returns
NTPC,2022-03,1,-1,-1,Shareholder Returns
NTPC,2023-03,1,-1,-1,Shareholder Returns
NTPC,2024-03,1,-1,-1,Shareholder Returns
NTPC,2024-09,,,,
ONGC,2013-03,1,-1,-1,Shareholder Returns
ONGC,2014-03,1,-1,1,Mixed
ONGC,2015-03,1,-1,-1,Shareholder Returns
ONGC,2016-03,1,-1,-1,Shareholder Returns
ONGC,2017-03,1,-1,-1,Shareholder Returns
ONGC,2018-03,1,-1,1,Mixed
ONGC,2019-03,1,-1,-1,Shareholder Returns
ONGC,2020-03,1,-1,-1,Shareholder Returns
ONGC,2021-03,1,-1,-1,Shareholder Returns
ONGC,2022-03,1,-1,-1,Shareholder Returns
ONGC,2023-03,1,-1,-1,Shareholder Returns
ONGC,2024-03,1,-1,-1,Shareholder Returns
ONGC,2024-09,,,,
PFC,2013-03,-1,1,1,Distress Signal
PFC,2014-03,-1,1,1,Distress Signal
PFC,2015-03,-1,-1,1,Growth Funded by Debt
PFC,2016-03,-1,-1,1,Growth Funded by Debt
PFC,2017-03,1,-1,1,Mixed
PFC,2018-03,-1,1,1,Distress Signal
PFC,2019-03,-1,-1,1,Growth Funded by Debt
PFC,2020-03,-1,-1,1,Growth Funded by Debt
PFC,2021-03,-1,1,1,Distress Signal
PFC,2022-03,1,-1,-1,Reinvestor
PFC,2023-03,-1,-1,1,Growth Funded by Debt
PFC,2024-03,-1,-1,1,Growth Funded by Debt
PFC,2024-09,,,,
PIDILITIND,2013-03,1,-1,-1,Reinvestor
PIDILITIND,2014-03,1,-1,-1,Reinvestor
PIDILITIND,2015-03,1,-1,-1,Reinvestor
PIDILITIND,2016-03,1,-1,-1,Reinvestor
PIDILITIND,2017-03,1,-1,1,Mixed
PIDILITIND,2018-03,1,1,-1,Liquidating Assets
PIDILITIND,2019-03,1,-1,-1,Reinvestor
PIDILITIND,2020-03,1,1,-1,Liquidating Assets
PIDILITIND,2021-03,1,-1,-1,Reinvestor
PIDILITIND,2022-03,1,-1,-1,Reinvestor
PIDILITIND,2023-03,1,-1,-1,Reinvestor
PIDILITIND,2024-03,1,-1,-1,Shareholder Returns
PIDILITIND,2024-09,,,,
PNB,2013-03,-1,-1,-1,Pre-Revenue
PNB,2014-03,1,-1,1,Mixed
PNB,2015-03,1,-1,1,Mixed
PNB,2016-03,1,-1,1,Mixed
PNB,2017-03,1,1,-1,Liquidating Assets
PNB,2018-03,-1,1,1,Distress Signal
PNB,2019-03,-1,-1,1,Growth Funded by Debt
PNB,2020-03,-1,-1,1,Growth Funded by Debt
PNB,2021-03,1,-1,1,Mixed
PNB,2022-03,1,-1,1,Mixed
PNB,2023-03,1,-1,1,Mixed
PNB,2024-03,-1,-1,1,Growth Funded by Debt
POWERGRID,2013-03,1,-1,1,Mixed
POWERGRID,2014-03,1,-1,1,Mixed
POWERGRID,2015-03,1,-1,1,Mixed
POWERGRID,2016-03,1,-1,1,Mixed
POWERGRID,2017-03,1,-1,1,Mixed
POWERGRID,2018-03,1,-1,1,Mixed
POWERGRID,2019-03,1,-1,-1,Shareholder Returns
POWERGRID,2020-03,1,-1,-1,Shareholder Returns
POWERGRID,2021-03,1,-1,-1,Shareholder Returns
POWERGRID,2022-03,1,1,-1,Liquidating Assets
POWERGRID,2023-03,1,-1,-1,Shareholder Returns
POWERGRID,2024-03,1,-1,-1,Shareholder Returns
POWERGRID,2024-09,,,,
RECLTD,2013-03,-1,1,1,Distress Signal
RECLTD,2014-03,-1,1,1,Distress Signal
RECLTD,2015-03,-1,1,1,Distress Signal
RECLTD,2016-03,-1,-1,1,Growth Funded by Debt
RECLTD,2017-03,1,-1,-1,Reinvestor
RECLTD,2018-03,-1,1,1,Distress Signal
RECLTD,2019-03,-1,1,1,Distress Signal
RECLTD,2020-03,-1,1,1,Distress Signal
RECLTD,2021-03,-1,1,1,Distress Signal
RECLTD,2022-03,-1,-1,1,Growth Funded by Debt
RECLTD,2023-03,-1,-1,1,Growth Funded by Debt
RECLTD,2024-03,-1,-1,1,Growth Funded by Debt
RECLTD,2024-09,,,,
RELIANCE,2013-03,1,-1,1,Mixed
RELIANCE,2014-03,1,-1,1,Mixed
RELIANCE,2015-03,1,-1,1,Mixed
RELIANCE,2016-03,1,-1,-1,Reinvestor
RELIANCE,2017-03,1,-1,1,Mixed
RELIANCE,2018-03,1,-1,-1,Shareholder Returns
RELIANCE,2019-03,1,-1,1,Mixed
RELIANCE,2020-03,1,-1,-1,Shareholder Returns
RELIANCE,2021-03,1,-1,1,Mixed
RELIANCE,2022-03,1,-1,1,Mixed
RELIANCE,2023-03,1,-1,1,Mixed
RELIANCE,2024-03,1,-1,-1,Shareholder Returns
RELIANCE,2024-09,,,,
SBILIFE,2013-03,1,-1,-1,Shareholder Returns
SBILIFE,2014-03,1,-1,-1,Reinvestor
SBILIFE,2015-03,1,-1,-1,Shareholder Returns
SBILIFE,2016-03,1,-1,-1,Shareholder Returns
SBILIFE,2017-03,1,-1,-1,Shareholder Returns
SBILIFE,2018-03,1,-1,-1,Shareholder Returns
SBILIFE,2019-03,1,-1,-1,Shareholder Returns
SBILIFE,2020-03,1,-1,-1,Shareholder Returns
SBILIFE,2021-03,1,-1,1,Mixed
SBILIFE,2022-03,1,-1,-1,Shareholder Returns
SBILIFE,2023-03,1,-1,-1,Shareholder Returns
SBILIFE,2024-03,1,-1,-1,Shareholder Returns
SBILIFE,2024-09,,,,
SBIN,2013-03,1,-1,-1,Reinvestor
SBIN,2014-03,1,-1,1,Mixed
SBIN,2015-03,1,-1,-1,Reinvestor
SBIN,2016-03,1,-1,1,Mixed
SBIN,2017-03,1,-1,-1,Reinvestor
SBIN,2018-03,-1,1,1,Distress Signal
SBIN,2019-03,1,1,1,Cash Accumulator
SBIN,2020-03,1,-1,1,Mixed
SBIN,2021-03,1,-1,1,Mixed
SBIN,2022-03,1,-1,-1,Shareholder Returns
SBIN,2023-03,-1,-1,1,Growth Funded by Debt
SBIN,2024-03,1,-1,-1,Reinvestor
SHREECEM,2013-06,1,-1,-1,Reinvestor
SHREECEM,2014-06,1,-1,-1,Shareholder Returns
SHREECEM,2015-06,1,-1,-1,Shareholder Returns
SHREECEM,2016-03,1,-1,-1,Reinvestor
SHREECEM,2017-03,1,-1,-1,Shareholder Returns
SHREECEM,2018-03,1,-1,1,Mixed
SHREECEM,2019-03,1,-1,-1,Shareholder Returns
SHREECEM,2020-03,1,-1,1,Mixed
SHREECEM,2021-03,1,-1,-1,Shareholder Returns
SHREECEM,2022-03,1,-1,-1,Shareholder Returns
SHREECEM,2023-03,1,-1,-1,Reinvestor
SHREECEM,2024-03,1,-1,-1,Shareholder Returns
SHREECEM,2024-09,,,,
SHRIRAMFIN,2013-03,-1,-1,1,Growth Funded by Debt
SHRIRAMFIN,2014-03,-1,-1,1,Growth Funded by Debt
SHRIRAMFIN,2015-03,-1,-1,1,Growth Funded by Debt
SHRIRAMFIN,2016-03,-1,-1,1,Growth Funded by Debt
SHRIRAMFIN,2017-03,-1,-1,1,Growth Funded by Debt
SHRIRAMFIN,2018-03,-1,1,1,Distress Signal
SHRIRAMFIN,2019-03,-1,-1,1,Growth Funded by Debt
SHRIRAMFIN,2020-03,-1,-1,1,Growth Funded by Debt
SHRIRAMFIN,2021-03,-1,-1,1,Growth Funded by Debt
SHRIRAMFIN,2022-03,-1,-1,1,Growth Funded by Debt
SHRIRAMFIN,2023-03,-1,1,1,Distress Signal
SHRIRAMFIN,2024-03,-1,-1,1,Growth Funded by Debt
SHRIRAMFIN,2024-09,,,,
SIEMENS,2011-09,1,1,-1,Liquidating Assets
SIEMENS,2014-09,1,1,-1,Liquidating Assets
SIEMENS,2015-09,1,1,-1,Liquidating Assets
SIEMENS,2016-09,1,1,-1,Liquidating Assets
SIEMENS,2017-09,1,1,-1,Liquidating Assets
SIEMENS,2018-09,1,-1,-1,Reinvestor
SIEMENS,2019-09,1,-1,-1,Reinvestor
SIEMENS,2020-09,1,1,-1,Liquidating Assets
SIEMENS,2021-09,1,-1,-1,Reinvestor
SIEMENS,2022-09,1,-1,-1,Reinvestor
SIEMENS,2023-09,1,-1,-1,Reinvestor
SIEMENS,2024-09,1,-1,-1,Reinvestor
SUNPHARMA,2013-03,1,-1,-1,Reinvestor
SUNPHARMA,2014-03,1,-1,1,Mixed
SUNPHARMA,2015-03,1,-1,-1,Reinvestor
SUNPHARMA,2016-03,1,-1,-1,Reinvestor
SUNPHARMA,2017-03,1,-1,-1,Reinvestor
SUNPHARMA,2018-03,1,-1,-1,Shareholder Returns
SUNPHARMA,2019-03,1,-1,-1,Reinvestor
SUNPHARMA,2020-03,1,-1,-1,Shareholder Returns
SUNPHARMA,2021-03,1,1,-1,Liquidating Assets
SUNPHARMA,2022-03,1,-1,-1,Shareholder Returns
SUNPHARMA,2023-03,1,-1,1,Mixed
SUNPHARMA,2024-03,1,-1,-1,Reinvestor
SUNPHARMA,2024-09,,,,
TATACONSUM,2013-03,1,1,1,Cash Accumulator
TATACONSUM,2014-03,1,-1,-1,Reinvestor
TATACONSUM,2015-03,1,-1,-1,Shareholder Returns
TATACONSUM,2016-03,1,1,-1,Liquidating Assets
TATACONSUM,2017-03,1,1,-1,Liquidating Assets
TATACONSUM,2018-03,1,-1,-1,Reinvestor
TATACONSUM,2019-03,1,1,-1,Liquidating Assets
TATACONSUM,2020-03,1,-1,-1,Shareholder Returns
TATACONSUM,2021-03,1,-1,-1,Shareholder Returns
TATACONSUM,2022-03,1,-1,-1,Reinvestor
TATACONSUM,2023-03,1,-1,-1,Reinvestor
TATACONSUM,2024-03,1,-1,1,Mixed
TATACONSUM,2024-09,,,,
TATAMOTORS,2013-03,1,-1,-1,Shareholder Returns
TATAMOTORS,2014-03,1,-1,-1,Shareholder Returns
TATAMOTORS,2015-03,1,-1,1,Mixed
TATAMOTORS,2016-03,1,-1,-1,Shareholder Returns
TATAMOTORS,2017-03,1,-1,1,Mixed
TATAMOTORS,2018-03,1,-1,1,Mixed
TATAMOTORS,2019-03,1,-1,1,Mixed
TATAMOTORS,2020-03,1,-1,1,Mixed
TATAMOTORS,2021-03,1,-1,1,Mixed
TATAMOTORS,2022-03,1,-1,-1,Reinvestor
TATAMOTORS,2023-03,1,-1,-1,Shareholder Returns
TATAMOTORS,2024-03,1,-1,-1,Shareholder Returns
TATAMOTORS,2024-09,,,,
TATAPOWER,2013-03,1,-1,-1,Shareholder Returns
TATAPOWER,2014-03,1,-1,-1,Shareholder Returns
TATAPOWER,2015-03,1,-1,-1,Shareholder Returns
TATAPOWER,2016-03,1,-1,-1,Shareholder Returns
TATAPOWER,2017-03,1,-1,1,Mixed
TATAPOWER,2018-03,1,-1,-1,Shareholder Returns
TATAPOWER,2019-03,1,-1,-1,Shareholder Returns
TATAPOWER,2020-03,1,-1,-1,Shareholder Returns
TATAPOWER,2021-03,1,1,-1,Liquidating Assets
TATAPOWER,2022-03,1,-1,-1,Shareholder Returns
TATAPOWER,2023-03,1,-1,1,Mixed
TATAPOWER,2024-03,1,-1,-1,Shareholder Returns
TATAPOWER,2024-09,,,,
TATASTEEL,2013-03,1,-1,-1,Reinvestor
TATASTEEL,2014-03,1,-1,1,Mixed
TATASTEEL,2015-03,1,-1,-1,Reinvestor
TATASTEEL,2016-03,1,-1,-1,Reinvestor
TATASTEEL,2017-03,1,-1,-1,Reinvestor
TATASTEEL,2018-03,1,-1,1,Mixed
TATASTEEL,2019-03,1,-1,-1,Shareholder Returns
TATASTEEL,2020-03,1,-1,-1,Shareholder Returns
TATASTEEL,2021-03,1,-1,-1,Shareholder Returns
TATASTEEL,2022-03,1,-1,-1,Reinvestor
TATASTEEL,2023-03,1,-1,-1,Shareholder Returns
TATASTEEL,2024-03,1,-1,-1,Reinvestor
TATASTEEL,2024-09,,,,
TCS,2013-03,1,-1,-1,Reinvestor
TCS,2014-03,1,-1,-1,Reinvestor
TCS,2015-03,1,-1,-1,Reinvestor
TCS,2016-03,1,-1,-1,Reinvestor
TCS,2017-03,1,-1,-1,Reinvestor
TCS,2018-03,1,1,-1,Liquidating Assets
TCS,2019-03,1,1,-1,Liquidating Assets
TCS,2020-03,1,1,-1,Liquidating Assets
TCS,2021-03,1,-1,-1,Reinvestor
TCS,2022-03,1,-1,-1,Reinvestor
TCS,2023-03,1,1,-1,Liquidating Assets
TCS,2024-03,1,1,-1,Liquidating Assets
TCS,2024-09,,,,
TECHM,2013-03,1,-1,1,Mixed
TECHM,2014-03,1,1,-1,Liquidating Assets
TECHM,2015-03,1,-1,-1,Reinvestor
TECHM,2016-03,1,-1,-1,Reinvestor
TECHM,2017-03,1,-1,-1,Reinvestor
TECHM,2018-03,1,-1,-1,Reinvestor
TECHM,2019-03,1,-1,-1,Reinvestor
TECHM,2020-03,1,1,-1,Liquidating Assets
TECHM,2021-03,1,-1,-1,Shareholder Returns
TECHM,2022-03,1,1,-1,Liquidating Assets
TECHM,2023-03,1,-1,-1,Reinvestor
TECHM,2024-03,1,-1,-1,Shareholder Returns
TECHM,2024-09,,,,
TITAN,2013-03,1,-1,-1,Reinvestor
TITAN,2014-03,-1,-1,1,Growth Funded by Debt
TITAN,2015-03,1,-1,-1,Reinvestor
TITAN,2016-03,1,-1,-1,Reinvestor
TITAN,2017-03,1,-1,-1,Shareholder Returns
TITAN,2018-03,-1,1,-1,Asset Sale Funded Repayment
TITAN,2019-03,1,-1,-1,Reinvestor
TITAN,2020-03,-1,1,-1,Asset Sale Funded Repayment
TITAN,2021-03,1,-1,-1,Shareholder Returns
TITAN,2022-03,-1,1,-1,Asset Sale Funded Repayment
TITAN,2023-03,1,-1,1,Mixed
TITAN,2024-03,1,-1,-1,Reinvestor
TITAN,2024-09,,,,
TORNTPHARM,2013-03,1,-1,1,Mixed
TORNTPHARM,2014-03,1,-1,1,Mixed
TORNTPHARM,2015-03,1,-1,1,Mixed
TORNTPHARM,2016-03,1,-1,-1,Shareholder Returns
TORNTPHARM,2017-03,1,-1,-1,Reinvestor
TORNTPHARM,2018-03,1,-1,1,Mixed
TORNTPHARM,2019-03,1,-1,-1,Shareholder Returns
TORNTPHARM,2020-03,1,1,-1,Liquidating Assets
TORNTPHARM,2021-03,1,-1,-1,Shareholder Returns
TORNTPHARM,2022-03,1,-1,-1,Shareholder Returns
TORNTPHARM,2023-03,1,-1,1,Mixed
TORNTPHARM,2024-03,1,-1,-1,Shareholder Returns
TORNTPHARM,2024-09,,,,
TRENT,2013-03,1,-1,1,Mixed
TRENT,2014-03,-1,-1,-1,Pre-Revenue
TRENT,2015-03,-1,-1,1,Growth Funded by Debt
TRENT,2016-03,1,-1,-1,Shareholder Returns
TRENT,2017-03,1,-1,-1,Reinvestor
TRENT,2018-03,1,-1,-1,Reinvestor
TRENT,2019-03,1,-1,1,Mixed
TRENT,2020-03,1,-1,1,Mixed
TRENT,2021-03,1,1,-1,Liquidating Assets
TRENT,2022-03,1,1,-1,Liquidating Assets
TRENT,2023-03,1,-1,-1,Shareholder Returns
TRENT,2024-03,1,-1,-1,Reinvestor
TRENT,2024-09,,,,
TVSMOTOR,2013-03,1,-1,-1,Shareholder Returns
TVSMOTOR,2014-03,1,-1,-1,Shareholder Returns
TVSMOTOR,2015-03,1,-1,1,Mixed
TVSMOTOR,2016-03,1,-1,-1,Shareholder Returns
TVSMOTOR,2017-03,1,-1,-1,Reinvestor
TVSMOTOR,2018-03,1,-1,1,Mixed
TVSMOTOR,2019-03,-1,-1,1,Growth Funded by Debt
TVSMOTOR,2020-03,1,-1,1,Mixed
TVSMOTOR,2021-03,1,-1,1,Mixed
TVSMOTOR,2022-03,-1,-1,1,Growth Funded by Debt
TVSMOTOR,2023-03,-1,-1,1,Growth Funded by Debt
TVSMOTOR,2024-03,-1,-1,1,Growth Funded by Debt
TVSMOTOR,2024-09,,,,
INDIGO,2013-03,1,-1,1,Mixed
INDIGO,2014-03,1,-1,1,Mixed
INDIGO,2015-03,1,-1,-1,Shareholder Returns
INDIGO,2016-03,1,-1,-1,Shareholder Returns
INDIGO,2017-03,1,-1,-1,Shareholder Returns
INDIGO,2018-03,1,-1,1,Mixed
INDIGO,2019-03,1,-1,-1,Shareholder Returns
INDIGO,2020-03,1,-1,-1,Reinvestor
INDIGO,2021-03,-1,1,-1,Asset Sale Funded Repayment
INDIGO,2022-03,1,1,-1,Liquidating Assets
INDIGO,2023-03,1,-1,-1,Reinvestor
INDIGO,2024-03,1,-1,-1,Shareholder Returns
INDIGO,2024-09,,,,
